item tránh,item ?ng viên
11,12
14,13
38,22
77,24
98,63
107,85
134,105
141,114
153,120
155,121
187,122
194,146
197,161
243,180
268,238
275,272
278,274
393,280
414,329
550,424
581,453
640,462
641,557
671,558
672,568
786,585
807,597
808,601
812,602
862,603
1422,604
1891,607
1892,629
1894,664
7443,680
8467,745
10020,752
36955,788
,809
,854
,857
,954
,955
,1572
,1597
,1637
,1900
,2024
,2164
,2501
,2502
,3049
,4327
,5503
,8358
,8587
,9331
,9741
,9802
,9806
,36657
,36658
